Iteration, Throughput, GoSAgg, GoSSep
0, 137800, 1378, 1378
1, 137700, 1377, 1377
2, 137800, 1378, 1378
3, 137800, 1378, 1378
4, 137800, 1378, 1378
5, 137800, 1378, 1378
6, 137800, 1378, 1378
7, 137800, 1378, 1378
8, 137800, 1378, 1378
9, 137800, 1378, 1378
10, 137800, 1378, 1378
11, 137800, 1378, 1378
12, 137800, 1378, 1378
13, 137800, 1378, 1378
14, 137800, 1378, 1378
15, 137800, 1378, 1378
16, 137800, 1378, 1378
17, 137800, 1378, 1378
18, 137800, 1378, 1378
19, 137800, 1378, 1378
20, 137800, 1378, 1378
21, 137800, 1378, 1378
22, 137800, 1378, 1378
23, 137800, 1378, 1378
24, 137800, 1378, 1378
25, 137800, 1378, 1378
26, 137800, 1378, 1378
27, 137800, 1378, 1378
28, 137800, 1378, 1378
29, 137800, 1378, 1378
30, 137800, 1378, 1378
31, 137800, 1378, 1378
32, 137900, 1379, 1379
33, 137900, 1379, 1379
34, 137900, 1379, 1379
35, 137900, 1379, 1379
36, 137900, 1379, 1379
37, 137900, 1379, 1379
38, 137900, 1379, 1379
39, 137900, 1379, 1379
40, 137900, 1379, 1379
41, 137900, 1379, 1379
42, 137900, 1379, 1379
43, 137900, 1379, 1379
44, 137900, 1379, 1379
45, 137900, 1379, 1379
46, 137900, 1379, 1379
47, 137900, 1379, 1379
48, 137900, 1379, 1379
49, 137900, 1379, 1379
50, 137900, 1379, 1379
51, 137900, 1379, 1379
52, 137900, 1379, 1379
53, 137900, 1379, 1379
54, 137900, 1379, 1379
55, 137900, 1379, 1379
56, 137900, 1379, 1379
57, 137900, 1379, 1379
58, 137900, 1379, 1379
59, 137900, 1379, 1379
60, 137900, 1379, 1379
61, 137900, 1379, 1379
62, 138000, 1380, 1380
63, 138000, 1380, 1380
64, 138000, 1380, 1380
65, 138000, 1380, 1380
66, 138000, 1380, 1380
67, 138000, 1380, 1380
68, 138000, 1380, 1380
69, 138100, 1381, 1381
70, 138100, 1381, 1381
71, 138100, 1381, 1381
72, 138100, 1381, 1381
73, 138200, 1382, 1382
74, 138200, 1382, 1382
75, 138200, 1382, 1382
76, 138200, 1382, 1382
77, 138200, 1382, 1382
78, 138200, 1382, 1382
79, 138200, 1382, 1382
80, 138200, 1382, 1382
81, 138200, 1382, 1382
82, 138200, 1382, 1382
83, 138200, 1382, 1382
84, 138200, 1382, 1382
85, 138200, 1382, 1382
86, 138200, 1382, 1382
87, 138200, 1382, 1382
88, 138200, 1382, 1382
89, 138200, 1382, 1382
90, 138200, 1382, 1382
91, 138200, 1382, 1382
92, 138200, 1382, 1382
93, 138200, 1382, 1382
94, 138200, 1382, 1382
95, 138200, 1382, 1382
96, 138200, 1382, 1382
97, 138300, 1383, 1383
98, 138300, 1383, 1383
99, 138300, 1383, 1383
100, 138300, 1383, 1383
101, 138300, 1383, 1383
102, 138300, 1383, 1383
103, 138400, 1384, 1384
104, 138400, 1384, 1384
105, 138400, 1384, 1384
106, 138400, 1384, 1384
107, 138400, 1384, 1384
108, 138400, 1384, 1384
109, 138400, 1384, 1384
110, 138400, 1384, 1384
111, 138400, 1384, 1384
112, 138400, 1384, 1384
113, 138400, 1384, 1384
114, 138400, 1384, 1384
115, 138400, 1384, 1384
116, 138400, 1384, 1384
117, 138400, 1384, 1384
118, 138400, 1384, 1384
119, 138500, 1385, 1385
120, 138500, 1385, 1385
121, 138500, 1385, 1385
122, 138500, 1385, 1385
123, 138500, 1385, 1385
124, 138500, 1385, 1385
125, 138500, 1385, 1385
126, 138500, 1385, 1385
127, 138500, 1385, 1385
128, 138500, 1385, 1385
129, 138600, 1386, 1386
130, 138600, 1386, 1386
131, 138600, 1386, 1386
132, 138600, 1386, 1386
133, 138600, 1386, 1386
134, 138600, 1386, 1386
135, 138600, 1386, 1386
136, 138600, 1386, 1386
137, 138600, 1386, 1386
138, 138600, 1386, 1386
139, 138600, 1386, 1386
140, 138600, 1386, 1386
141, 138600, 1386, 1386
142, 138600, 1386, 1386
143, 138600, 1386, 1386
144, 138600, 1386, 1386
145, 138600, 1386, 1386
146, 138600, 1386, 1386
147, 138600, 1386, 1386
148, 138600, 1386, 1386
149, 138600, 1386, 1386
150, 138600, 1386, 1386
151, 138600, 1386, 1386
152, 138600, 1386, 1386
153, 138600, 1386, 1386
154, 138600, 1386, 1386
155, 138600, 1386, 1386
156, 138600, 1386, 1386
157, 138600, 1386, 1386
158, 138600, 1386, 1386
159, 138600, 1386, 1386
160, 138600, 1386, 1386
161, 138600, 1386, 1386
162, 138600, 1386, 1386
163, 138600, 1386, 1386
164, 138700, 1387, 1387
165, 138700, 1387, 1387
166, 138700, 1387, 1387
167, 138700, 1387, 1387
168, 138700, 1387, 1387
169, 138700, 1387, 1387
170, 138700, 1387, 1387
171, 138700, 1387, 1387
172, 138700, 1387, 1387
173, 138700, 1387, 1387
174, 138700, 1387, 1387
175, 138700, 1387, 1387
176, 138700, 1387, 1387
177, 138700, 1387, 1387
178, 138700, 1387, 1387
179, 138700, 1387, 1387
180, 138700, 1387, 1387
181, 138700, 1387, 1387
182, 138700, 1387, 1387
183, 138700, 1387, 1387
184, 138700, 1387, 1387
185, 138700, 1387, 1387
186, 138700, 1387, 1387
187, 138700, 1387, 1387
188, 138700, 1387, 1387
189, 138700, 1387, 1387
190, 138700, 1387, 1387
191, 138700, 1387, 1387
192, 138700, 1387, 1387
193, 138700, 1387, 1387
194, 138700, 1387, 1387
195, 138700, 1387, 1387
196, 138700, 1387, 1387
197, 138700, 1387, 1387
198, 138700, 1387, 1387
199, 138700, 1387, 1387
200, 138800, 1388, 1388
201, 138800, 1388, 1388
202, 138800, 1388, 1388
203, 138800, 1388, 1388
204, 138800, 1388, 1388
205, 138800, 1388, 1388
206, 138800, 1388, 1388
207, 138800, 1388, 1388
208, 138800, 1388, 1388
209, 138800, 1388, 1388
210, 138800, 1388, 1388
211, 138800, 1388, 1388
212, 138800, 1388, 1388
213, 138800, 1388, 1388
214, 138800, 1388, 1388
215, 138800, 1388, 1388
216, 138800, 1388, 1388
217, 138800, 1388, 1388
218, 138800, 1388, 1388
219, 138800, 1388, 1388
220, 138800, 1388, 1388
221, 138800, 1388, 1388
222, 138900, 1389, 1389
223, 138900, 1389, 1389
224, 138900, 1389, 1389
225, 138900, 1389, 1389
226, 138900, 1389, 1389
227, 138900, 1389, 1389
228, 138900, 1389, 1389
229, 138900, 1389, 1389
230, 138900, 1389, 1389
231, 138900, 1389, 1389
232, 138900, 1389, 1389
233, 138900, 1389, 1389
234, 138900, 1389, 1389
235, 138900, 1389, 1389
236, 138900, 1389, 1389
237, 138900, 1389, 1389
238, 138900, 1389, 1389
239, 138900, 1389, 1389
240, 138900, 1389, 1389
241, 138900, 1389, 1389
242, 138900, 1389, 1389
243, 139000, 1390, 1390
244, 139000, 1390, 1390
245, 139000, 1390, 1390
246, 139000, 1390, 1390
247, 139000, 1390, 1390
248, 139000, 1390, 1390
249, 139000, 1390, 1390
250, 139000, 1390, 1390
251, 139000, 1390, 1390
252, 139000, 1390, 1390
253, 139000, 1390, 1390
254, 139000, 1390, 1390
255, 139000, 1390, 1390
256, 139000, 1390, 1390
257, 139000, 1390, 1390
258, 139000, 1390, 1390
259, 139000, 1390, 1390
260, 139000, 1390, 1390
261, 139000, 1390, 1390
262, 139000, 1390, 1390
263, 139000, 1390, 1390
264, 139000, 1390, 1390
265, 139000, 1390, 1390
266, 139000, 1390, 1390
267, 139000, 1390, 1390
268, 139000, 1390, 1390
269, 139100, 1391, 1391
270, 139100, 1391, 1391
271, 139100, 1391, 1391
272, 139100, 1391, 1391
273, 139100, 1391, 1391
274, 139100, 1391, 1391
275, 139100, 1391, 1391
276, 139000, 1390, 1390
277, 139100, 1391, 1391
278, 139100, 1391, 1391
279, 139100, 1391, 1391
280, 139100, 1391, 1391
281, 139100, 1391, 1391
282, 139100, 1391, 1391
283, 139100, 1391, 1391
284, 139100, 1391, 1391
285, 139100, 1391, 1391
286, 139100, 1391, 1391
287, 139100, 1391, 1391
288, 139100, 1391, 1391
289, 139100, 1391, 1391
290, 139100, 1391, 1391
291, 139100, 1391, 1391
292, 139100, 1391, 1391
293, 139100, 1391, 1391
294, 139100, 1391, 1391
295, 139100, 1391, 1391
296, 139100, 1391, 1391
297, 139100, 1391, 1391
298, 139100, 1391, 1391
299, 139100, 1391, 1391
300, 139100, 1391, 1391
301, 139100, 1391, 1391
302, 139100, 1391, 1391
303, 139100, 1391, 1391
304, 139100, 1391, 1391
305, 139100, 1391, 1391
306, 139100, 1391, 1391
307, 139100, 1391, 1391
308, 139200, 1392, 1392
309, 139200, 1392, 1392
310, 139300, 1393, 1393
311, 139300, 1393, 1393
312, 139300, 1393, 1393
313, 139300, 1393, 1393
314, 139300, 1393, 1393
315, 139300, 1393, 1393
316, 139300, 1393, 1393
317, 139300, 1393, 1393
318, 139300, 1393, 1393
319, 139300, 1393, 1393
320, 139300, 1393, 1393
321, 139300, 1393, 1393
322, 139300, 1393, 1393
323, 139300, 1393, 1393
324, 139300, 1393, 1393
325, 139300, 1393, 1393
326, 139300, 1393, 1393
327, 139300, 1393, 1393
328, 139300, 1393, 1393
329, 139300, 1393, 1393
330, 139300, 1393, 1393
331, 139300, 1393, 1393
332, 139300, 1393, 1393
333, 139300, 1393, 1393
334, 139300, 1393, 1393
335, 139300, 1393, 1393
336, 139300, 1393, 1393
337, 139300, 1393, 1393
338, 139300, 1393, 1393
339, 139200, 1392, 1392
340, 139300, 1393, 1393
341, 139300, 1393, 1393
342, 139300, 1393, 1393
343, 139300, 1393, 1393
344, 139300, 1393, 1393
345, 139300, 1393, 1393
346, 139300, 1393, 1393
347, 139300, 1393, 1393
348, 139300, 1393, 1393
349, 139300, 1393, 1393
350, 139300, 1393, 1393
351, 139300, 1393, 1393
352, 139300, 1393, 1393
353, 139300, 1393, 1393
354, 139300, 1393, 1393
355, 139300, 1393, 1393
356, 139300, 1393, 1393
357, 139300, 1393, 1393
358, 139300, 1393, 1393
359, 139200, 1392, 1392
360, 139200, 1392, 1392
361, 139200, 1392, 1392
362, 139200, 1392, 1392
363, 139200, 1392, 1392
364, 139200, 1392, 1392
365, 139200, 1392, 1392
366, 139200, 1392, 1392
367, 139200, 1392, 1392
368, 139200, 1392, 1392
369, 139200, 1392, 1392
370, 139200, 1392, 1392
371, 139200, 1392, 1392
372, 139200, 1392, 1392
373, 139200, 1392, 1392
374, 139200, 1392, 1392
375, 139200, 1392, 1392
376, 139200, 1392, 1392
377, 139200, 1392, 1392
378, 139200, 1392, 1392
379, 139200, 1392, 1392
380, 139200, 1392, 1392
381, 139200, 1392, 1392
382, 139200, 1392, 1392
383, 139200, 1392, 1392
384, 139200, 1392, 1392
385, 139200, 1392, 1392
386, 139200, 1392, 1392
387, 139200, 1392, 1392
388, 139200, 1392, 1392
389, 139200, 1392, 1392
390, 139200, 1392, 1392
391, 139200, 1392, 1392
392, 139200, 1392, 1392
393, 139200, 1392, 1392
394, 139200, 1392, 1392
395, 139200, 1392, 1392
396, 139200, 1392, 1392
397, 139200, 1392, 1392
398, 139200, 1392, 1392
399, 139200, 1392, 1392
400, 139200, 1392, 1392
401, 139300, 1393, 1393
402, 139300, 1393, 1393
403, 139300, 1393, 1393
404, 139300, 1393, 1393
405, 139300, 1393, 1393
406, 139300, 1393, 1393
407, 139300, 1393, 1393
408, 139300, 1393, 1393
409, 139300, 1393, 1393
410, 139300, 1393, 1393
411, 139300, 1393, 1393
412, 139300, 1393, 1393
413, 139300, 1393, 1393
414, 139300, 1393, 1393
415, 139300, 1393, 1393
416, 139300, 1393, 1393
417, 139300, 1393, 1393
418, 139200, 1392, 1392
419, 139300, 1393, 1393
420, 139300, 1393, 1393
421, 139300, 1393, 1393
422, 139300, 1393, 1393
423, 139300, 1393, 1393
424, 139300, 1393, 1393
425, 139300, 1393, 1393
426, 139300, 1393, 1393
427, 139300, 1393, 1393
428, 139300, 1393, 1393
429, 139300, 1393, 1393
430, 139300, 1393, 1393
431, 139300, 1393, 1393
432, 139300, 1393, 1393
433, 139300, 1393, 1393
434, 139300, 1393, 1393
435, 139300, 1393, 1393
436, 139300, 1393, 1393
437, 139300, 1393, 1393
438, 139300, 1393, 1393
439, 139300, 1393, 1393
440, 139300, 1393, 1393
441, 139300, 1393, 1393
442, 139300, 1393, 1393
443, 139300, 1393, 1393
444, 139300, 1393, 1393
445, 139300, 1393, 1393
446, 139300, 1393, 1393
447, 139300, 1393, 1393
448, 139300, 1393, 1393
449, 139300, 1393, 1393
450, 139300, 1393, 1393
451, 139300, 1393, 1393
452, 139300, 1393, 1393
453, 139300, 1393, 1393
454, 139300, 1393, 1393
455, 139300, 1393, 1393
456, 139400, 1394, 1394
457, 139400, 1394, 1394
458, 139400, 1394, 1394
459, 139400, 1394, 1394
460, 139400, 1394, 1394
461, 139400, 1394, 1394
462, 139400, 1394, 1394
463, 139400, 1394, 1394
464, 139400, 1394, 1394
465, 139400, 1394, 1394
466, 139400, 1394, 1394
467, 139400, 1394, 1394
468, 139400, 1394, 1394
469, 139400, 1394, 1394
470, 139400, 1394, 1394
471, 139400, 1394, 1394
472, 139400, 1394, 1394
473, 139400, 1394, 1394
474, 139400, 1394, 1394
475, 139400, 1394, 1394
476, 139400, 1394, 1394
477, 139300, 1393, 1393
478, 139300, 1393, 1393
479, 139300, 1393, 1393
480, 139300, 1393, 1393
481, 139300, 1393, 1393
482, 139300, 1393, 1393
483, 139300, 1393, 1393
484, 139300, 1393, 1393
485, 139300, 1393, 1393
486, 139300, 1393, 1393
487, 139300, 1393, 1393
488, 139300, 1393, 1393
489, 139300, 1393, 1393
490, 139300, 1393, 1393
491, 139300, 1393, 1393
492, 139300, 1393, 1393
493, 139300, 1393, 1393
494, 139300, 1393, 1393
495, 139300, 1393, 1393
496, 139300, 1393, 1393
497, 139300, 1393, 1393
498, 139300, 1393, 1393
499, 139300, 1393, 1393
500, 139300, 1393, 1393
501, 139300, 1393, 1393
502, 139300, 1393, 1393
503, 139300, 1393, 1393
504, 139300, 1393, 1393
505, 139200, 1392, 1392
506, 139200, 1392, 1392
507, 139200, 1392, 1392
508, 139200, 1392, 1392
509, 139200, 1392, 1392
510, 139200, 1392, 1392
511, 139300, 1393, 1393
512, 139300, 1393, 1393
513, 139200, 1392, 1392
514, 139200, 1392, 1392
515, 139200, 1392, 1392
516, 139200, 1392, 1392
517, 139200, 1392, 1392
518, 139200, 1392, 1392
519, 139200, 1392, 1392
520, 139200, 1392, 1392
521, 139200, 1392, 1392
522, 139200, 1392, 1392
523, 139200, 1392, 1392
524, 139200, 1392, 1392
525, 139200, 1392, 1392
526, 139200, 1392, 1392
527, 139200, 1392, 1392
528, 139200, 1392, 1392
529, 139200, 1392, 1392
530, 139200, 1392, 1392
531, 139200, 1392, 1392
532, 139200, 1392, 1392
533, 139200, 1392, 1392
534, 139200, 1392, 1392
535, 139200, 1392, 1392
536, 139200, 1392, 1392
537, 139200, 1392, 1392
538, 139200, 1392, 1392
539, 139200, 1392, 1392
540, 139200, 1392, 1392
541, 139200, 1392, 1392
542, 139200, 1392, 1392
543, 139200, 1392, 1392
544, 139200, 1392, 1392
545, 139200, 1392, 1392
546, 139200, 1392, 1392
547, 139200, 1392, 1392
548, 139200, 1392, 1392
549, 139200, 1392, 1392
550, 139200, 1392, 1392
551, 139200, 1392, 1392
552, 139200, 1392, 1392
553, 139200, 1392, 1392
554, 139200, 1392, 1392
555, 139200, 1392, 1392
556, 139200, 1392, 1392
557, 139200, 1392, 1392
558, 139200, 1392, 1392
559, 139200, 1392, 1392
560, 139200, 1392, 1392
561, 139200, 1392, 1392
562, 139200, 1392, 1392
563, 139200, 1392, 1392
564, 139200, 1392, 1392
565, 139200, 1392, 1392
566, 139200, 1392, 1392
567, 139200, 1392, 1392
568, 139200, 1392, 1392
569, 139200, 1392, 1392
570, 139200, 1392, 1392
571, 139200, 1392, 1392
572, 139200, 1392, 1392
573, 139300, 1393, 1393
574, 139300, 1393, 1393
575, 139200, 1392, 1392
576, 139200, 1392, 1392
577, 139200, 1392, 1392
578, 139200, 1392, 1392
579, 139200, 1392, 1392
580, 139200, 1392, 1392
581, 139200, 1392, 1392
582, 139200, 1392, 1392
583, 139200, 1392, 1392
584, 139200, 1392, 1392
585, 139200, 1392, 1392
586, 139200, 1392, 1392
587, 139200, 1392, 1392
588, 139200, 1392, 1392
589, 139200, 1392, 1392
590, 139200, 1392, 1392
591, 139300, 1393, 1393
592, 139300, 1393, 1393
593, 139300, 1393, 1393
594, 139300, 1393, 1393
595, 139300, 1393, 1393
596, 139300, 1393, 1393
597, 139300, 1393, 1393
598, 139300, 1393, 1393
599, 139300, 1393, 1393
600, 139300, 1393, 1393
601, 139300, 1393, 1393
602, 139300, 1393, 1393
603, 139300, 1393, 1393
604, 139300, 1393, 1393
605, 139300, 1393, 1393
606, 139300, 1393, 1393
607, 139300, 1393, 1393
608, 139300, 1393, 1393
609, 139300, 1393, 1393
610, 139300, 1393, 1393
611, 139300, 1393, 1393
612, 139300, 1393, 1393
613, 139300, 1393, 1393
614, 139300, 1393, 1393
615, 139300, 1393, 1393
616, 139300, 1393, 1393
617, 139300, 1393, 1393
618, 139300, 1393, 1393
619, 139300, 1393, 1393
620, 139300, 1393, 1393
621, 139300, 1393, 1393
622, 139300, 1393, 1393
623, 139300, 1393, 1393
624, 139300, 1393, 1393
625, 139300, 1393, 1393
626, 139300, 1393, 1393
627, 139300, 1393, 1393
628, 139300, 1393, 1393
629, 139300, 1393, 1393
630, 139300, 1393, 1393
631, 139300, 1393, 1393
632, 139300, 1393, 1393
633, 139300, 1393, 1393
634, 139300, 1393, 1393
635, 139300, 1393, 1393
636, 139300, 1393, 1393
637, 139300, 1393, 1393
638, 139300, 1393, 1393
639, 139300, 1393, 1393
640, 139300, 1393, 1393
641, 139300, 1393, 1393
642, 139300, 1393, 1393
643, 139300, 1393, 1393
644, 139300, 1393, 1393
645, 139300, 1393, 1393
646, 139300, 1393, 1393
647, 139300, 1393, 1393
648, 139300, 1393, 1393
649, 139300, 1393, 1393
650, 139300, 1393, 1393
651, 139300, 1393, 1393
652, 139300, 1393, 1393
653, 139300, 1393, 1393
654, 139300, 1393, 1393
655, 139300, 1393, 1393
656, 139300, 1393, 1393
657, 139300, 1393, 1393
658, 139300, 1393, 1393
659, 139300, 1393, 1393
660, 139300, 1393, 1393
661, 139300, 1393, 1393
662, 139300, 1393, 1393
663, 139200, 1392, 1392
664, 139300, 1393, 1393
665, 139300, 1393, 1393
666, 139300, 1393, 1393
667, 139300, 1393, 1393
668, 139300, 1393, 1393
669, 139300, 1393, 1393
670, 139300, 1393, 1393
671, 139300, 1393, 1393
672, 139300, 1393, 1393
673, 139300, 1393, 1393
674, 139300, 1393, 1393
675, 139300, 1393, 1393
676, 139300, 1393, 1393
677, 139300, 1393, 1393
678, 139300, 1393, 1393
679, 139300, 1393, 1393
680, 139300, 1393, 1393
681, 139300, 1393, 1393
682, 139300, 1393, 1393
683, 139300, 1393, 1393
684, 139300, 1393, 1393
685, 139300, 1393, 1393
686, 139300, 1393, 1393
687, 139300, 1393, 1393
688, 139300, 1393, 1393
689, 139300, 1393, 1393
690, 139300, 1393, 1393
691, 139300, 1393, 1393
692, 139300, 1393, 1393
693, 139300, 1393, 1393
694, 139300, 1393, 1393
695, 139300, 1393, 1393
696, 139300, 1393, 1393
697, 139300, 1393, 1393
698, 139300, 1393, 1393
699, 139300, 1393, 1393
700, 139300, 1393, 1393
701, 139300, 1393, 1393
702, 139300, 1393, 1393
703, 139300, 1393, 1393
704, 139300, 1393, 1393
705, 139300, 1393, 1393
706, 139300, 1393, 1393
707, 139300, 1393, 1393
708, 139300, 1393, 1393
709, 139300, 1393, 1393
710, 139300, 1393, 1393
711, 139300, 1393, 1393
712, 139300, 1393, 1393
713, 139300, 1393, 1393
714, 139300, 1393, 1393
715, 139300, 1393, 1393
716, 139300, 1393, 1393
717, 139300, 1393, 1393
718, 139300, 1393, 1393
719, 139300, 1393, 1393
720, 139300, 1393, 1393
721, 139300, 1393, 1393
722, 139300, 1393, 1393
723, 139300, 1393, 1393
724, 139300, 1393, 1393
725, 139300, 1393, 1393
726, 139300, 1393, 1393
727, 139300, 1393, 1393
728, 139300, 1393, 1393
729, 139300, 1393, 1393
730, 139300, 1393, 1393
731, 139400, 1394, 1394
732, 139400, 1394, 1394
733, 139400, 1394, 1394
734, 139400, 1394, 1394
735, 139400, 1394, 1394
736, 139400, 1394, 1394
737, 139400, 1394, 1394
738, 139400, 1394, 1394
739, 139300, 1393, 1393
740, 139300, 1393, 1393
741, 139300, 1393, 1393
742, 139300, 1393, 1393
743, 139300, 1393, 1393
744, 139300, 1393, 1393
745, 139300, 1393, 1393
746, 139300, 1393, 1393
747, 139300, 1393, 1393
748, 139300, 1393, 1393
749, 139300, 1393, 1393
750, 139300, 1393, 1393
751, 139300, 1393, 1393
752, 139300, 1393, 1393
753, 139300, 1393, 1393
754, 139300, 1393, 1393
755, 139400, 1394, 1394
756, 139400, 1394, 1394
757, 139300, 1393, 1393
758, 139300, 1393, 1393
759, 139300, 1393, 1393
760, 139300, 1393, 1393
761, 139300, 1393, 1393
762, 139300, 1393, 1393
763, 139300, 1393, 1393
764, 139300, 1393, 1393
765, 139300, 1393, 1393
766, 139300, 1393, 1393
767, 139300, 1393, 1393
768, 139300, 1393, 1393
769, 139300, 1393, 1393
770, 139300, 1393, 1393
771, 139300, 1393, 1393
772, 139300, 1393, 1393
773, 139300, 1393, 1393
774, 139300, 1393, 1393
775, 139300, 1393, 1393
776, 139300, 1393, 1393
777, 139300, 1393, 1393
778, 139300, 1393, 1393
779, 139300, 1393, 1393
780, 139300, 1393, 1393
781, 139300, 1393, 1393
782, 139300, 1393, 1393
783, 139300, 1393, 1393
784, 139300, 1393, 1393
785, 139300, 1393, 1393
786, 139300, 1393, 1393
787, 139300, 1393, 1393
788, 139300, 1393, 1393
789, 139300, 1393, 1393
790, 139300, 1393, 1393
791, 139300, 1393, 1393
792, 139300, 1393, 1393
793, 139300, 1393, 1393
794, 139300, 1393, 1393
795, 139300, 1393, 1393
796, 139300, 1393, 1393
797, 139300, 1393, 1393
798, 139300, 1393, 1393
799, 139300, 1393, 1393
800, 139300, 1393, 1393
801, 139300, 1393, 1393
802, 139300, 1393, 1393
803, 139300, 1393, 1393
804, 139300, 1393, 1393
805, 139300, 1393, 1393
806, 139300, 1393, 1393
807, 139300, 1393, 1393
808, 139300, 1393, 1393
809, 139300, 1393, 1393
810, 139300, 1393, 1393
811, 139300, 1393, 1393
812, 139300, 1393, 1393
813, 139300, 1393, 1393
814, 139300, 1393, 1393
815, 139300, 1393, 1393
816, 139300, 1393, 1393
817, 139300, 1393, 1393
818, 139300, 1393, 1393
819, 139300, 1393, 1393
820, 139300, 1393, 1393
821, 139300, 1393, 1393
822, 139300, 1393, 1393
823, 139300, 1393, 1393
824, 139300, 1393, 1393
825, 139300, 1393, 1393
826, 139300, 1393, 1393
827, 139300, 1393, 1393
828, 139300, 1393, 1393
829, 139300, 1393, 1393
830, 139300, 1393, 1393
831, 139300, 1393, 1393
832, 139300, 1393, 1393
833, 139300, 1393, 1393
834, 139300, 1393, 1393
835, 139300, 1393, 1393
836, 139300, 1393, 1393
837, 139300, 1393, 1393
838, 139300, 1393, 1393
839, 139300, 1393, 1393
840, 139300, 1393, 1393
841, 139300, 1393, 1393
842, 139300, 1393, 1393
843, 139300, 1393, 1393
844, 139300, 1393, 1393
845, 139300, 1393, 1393
846, 139300, 1393, 1393
847, 139300, 1393, 1393
848, 139300, 1393, 1393
849, 139300, 1393, 1393
850, 139300, 1393, 1393
851, 139300, 1393, 1393
852, 139300, 1393, 1393
853, 139300, 1393, 1393
854, 139300, 1393, 1393
855, 139300, 1393, 1393
856, 139300, 1393, 1393
857, 139300, 1393, 1393
858, 139300, 1393, 1393
859, 139300, 1393, 1393
860, 139300, 1393, 1393
861, 139300, 1393, 1393
862, 139300, 1393, 1393
863, 139300, 1393, 1393
864, 139300, 1393, 1393
865, 139300, 1393, 1393
866, 139300, 1393, 1393
867, 139300, 1393, 1393
868, 139300, 1393, 1393
869, 139300, 1393, 1393
870, 139300, 1393, 1393
871, 139300, 1393, 1393
872, 139300, 1393, 1393
873, 139300, 1393, 1393
874, 139300, 1393, 1393
875, 139300, 1393, 1393
876, 139300, 1393, 1393
877, 139300, 1393, 1393
878, 139300, 1393, 1393
879, 139300, 1393, 1393
880, 139300, 1393, 1393
881, 139300, 1393, 1393
882, 139300, 1393, 1393
883, 139300, 1393, 1393
884, 139300, 1393, 1393
885, 139300, 1393, 1393
886, 139300, 1393, 1393
887, 139300, 1393, 1393
888, 139300, 1393, 1393
889, 139300, 1393, 1393
890, 139300, 1393, 1393
891, 139300, 1393, 1393
892, 139300, 1393, 1393
893, 139300, 1393, 1393
894, 139300, 1393, 1393
895, 139300, 1393, 1393
896, 139300, 1393, 1393
897, 139300, 1393, 1393
898, 139300, 1393, 1393
899, 139300, 1393, 1393
900, 139300, 1393, 1393
901, 139300, 1393, 1393
902, 139300, 1393, 1393
903, 139300, 1393, 1393
904, 139300, 1393, 1393
905, 139300, 1393, 1393
906, 139300, 1393, 1393
907, 139300, 1393, 1393
908, 139300, 1393, 1393
909, 139300, 1393, 1393
910, 139300, 1393, 1393
911, 139300, 1393, 1393
912, 139300, 1393, 1393
913, 139300, 1393, 1393
914, 139300, 1393, 1393
915, 139300, 1393, 1393
916, 139300, 1393, 1393
917, 139300, 1393, 1393
918, 139300, 1393, 1393
919, 139300, 1393, 1393
920, 139300, 1393, 1393
921, 139300, 1393, 1393
922, 139300, 1393, 1393
923, 139300, 1393, 1393
924, 139300, 1393, 1393
925, 139300, 1393, 1393
926, 139300, 1393, 1393
927, 139300, 1393, 1393
928, 139300, 1393, 1393
929, 139300, 1393, 1393
930, 139300, 1393, 1393
931, 139300, 1393, 1393
932, 139300, 1393, 1393
933, 139300, 1393, 1393
934, 139300, 1393, 1393
935, 139300, 1393, 1393
936, 139300, 1393, 1393
937, 139300, 1393, 1393
938, 139300, 1393, 1393
939, 139300, 1393, 1393
940, 139300, 1393, 1393
941, 139300, 1393, 1393
942, 139300, 1393, 1393
943, 139300, 1393, 1393
944, 139300, 1393, 1393
945, 139300, 1393, 1393
946, 139300, 1393, 1393
947, 139300, 1393, 1393
948, 139300, 1393, 1393
949, 139300, 1393, 1393
950, 139300, 1393, 1393
951, 139300, 1393, 1393
952, 139300, 1393, 1393
953, 139300, 1393, 1393
954, 139300, 1393, 1393
955, 139300, 1393, 1393
956, 139300, 1393, 1393
957, 139300, 1393, 1393
958, 139300, 1393, 1393
959, 139300, 1393, 1393
960, 139300, 1393, 1393
961, 139300, 1393, 1393
962, 139300, 1393, 1393
963, 139300, 1393, 1393
964, 139300, 1393, 1393
965, 139300, 1393, 1393
966, 139300, 1393, 1393
967, 139300, 1393, 1393
968, 139300, 1393, 1393
969, 139300, 1393, 1393
970, 139300, 1393, 1393
971, 139300, 1393, 1393
972, 139300, 1393, 1393
973, 139300, 1393, 1393
974, 139300, 1393, 1393
975, 139300, 1393, 1393
976, 139300, 1393, 1393
977, 139300, 1393, 1393
978, 139300, 1393, 1393
979, 139300, 1393, 1393
980, 139300, 1393, 1393
981, 139300, 1393, 1393
982, 139300, 1393, 1393
983, 139300, 1393, 1393
984, 139300, 1393, 1393
985, 139200, 1392, 1392
986, 139300, 1393, 1393
987, 139300, 1393, 1393
988, 139300, 1393, 1393
989, 139300, 1393, 1393
990, 139300, 1393, 1393
991, 139300, 1393, 1393
992, 139300, 1393, 1393
993, 139300, 1393, 1393
994, 139300, 1393, 1393
995, 139300, 1393, 1393
996, 139300, 1393, 1393
997, 139300, 1393, 1393
998, 139300, 1393, 1393
999, 139300, 1393, 1393
1000, 139300, 1393, 1393
1001, 139300, 1393, 1393
1002, 139300, 1393, 1393
1003, 139300, 1393, 1393
1004, 139300, 1393, 1393
1005, 139300, 1393, 1393
1006, 139300, 1393, 1393
1007, 139300, 1393, 1393
1008, 139300, 1393, 1393
1009, 139300, 1393, 1393
1010, 139300, 1393, 1393
1011, 139300, 1393, 1393
1012, 139300, 1393, 1393
1013, 139300, 1393, 1393
1014, 139300, 1393, 1393
1015, 139300, 1393, 1393
1016, 139300, 1393, 1393
1017, 139300, 1393, 1393
1018, 139300, 1393, 1393
1019, 139300, 1393, 1393
1020, 139300, 1393, 1393
1021, 139300, 1393, 1393
1022, 139300, 1393, 1393
1023, 139300, 1393, 1393
1024, 139300, 1393, 1393
1025, 139300, 1393, 1393
1026, 139300, 1393, 1393
1027, 139300, 1393, 1393
1028, 139400, 1394, 1394
1029, 139400, 1394, 1394
1030, 139400, 1394, 1394
1031, 139400, 1394, 1394
1032, 139400, 1394, 1394
1033, 139400, 1394, 1394
1034, 139400, 1394, 1394
1035, 139400, 1394, 1394
1036, 139400, 1394, 1394
1037, 139400, 1394, 1394
1038, 139400, 1394, 1394
1039, 139400, 1394, 1394
1040, 139400, 1394, 1394
1041, 139400, 1394, 1394
1042, 139400, 1394, 1394
1043, 139400, 1394, 1394
1044, 139400, 1394, 1394
1045, 139400, 1394, 1394
1046, 139400, 1394, 1394
1047, 139400, 1394, 1394
1048, 139400, 1394, 1394
1049, 139400, 1394, 1394
1050, 139400, 1394, 1394
1051, 139400, 1394, 1394
1052, 139400, 1394, 1394
1053, 139400, 1394, 1394
1054, 139400, 1394, 1394
1055, 139400, 1394, 1394
1056, 139400, 1394, 1394
1057, 139400, 1394, 1394
1058, 139400, 1394, 1394
1059, 139400, 1394, 1394
1060, 139400, 1394, 1394
1061, 139400, 1394, 1394
1062, 139400, 1394, 1394
1063, 139400, 1394, 1394
1064, 139400, 1394, 1394
1065, 139400, 1394, 1394
1066, 139400, 1394, 1394
1067, 139400, 1394, 1394
1068, 139400, 1394, 1394
1069, 139400, 1394, 1394
1070, 139400, 1394, 1394
1071, 139400, 1394, 1394
1072, 139400, 1394, 1394
1073, 139400, 1394, 1394
1074, 139400, 1394, 1394
1075, 139400, 1394, 1394
1076, 139400, 1394, 1394
1077, 139400, 1394, 1394
1078, 139400, 1394, 1394
1079, 139400, 1394, 1394
1080, 139400, 1394, 1394
1081, 139400, 1394, 1394
1082, 139400, 1394, 1394
1083, 139400, 1394, 1394
1084, 139400, 1394, 1394
1085, 139400, 1394, 1394
1086, 139400, 1394, 1394
1087, 139400, 1394, 1394
1088, 139500, 1395, 1395
1089, 139500, 1395, 1395
1090, 139500, 1395, 1395
1091, 139500, 1395, 1395
1092, 139500, 1395, 1395
1093, 139500, 1395, 1395
1094, 139500, 1395, 1395
1095, 139400, 1394, 1394
1096, 139400, 1394, 1394
1097, 139400, 1394, 1394
1098, 139400, 1394, 1394
1099, 139400, 1394, 1394
1100, 139400, 1394, 1394
1101, 139400, 1394, 1394
1102, 139400, 1394, 1394
1103, 139400, 1394, 1394
1104, 139400, 1394, 1394
1105, 139400, 1394, 1394
1106, 139400, 1394, 1394
1107, 139400, 1394, 1394
1108, 139400, 1394, 1394
1109, 139400, 1394, 1394
1110, 139400, 1394, 1394
1111, 139400, 1394, 1394
1112, 139400, 1394, 1394
1113, 139400, 1394, 1394
1114, 139400, 1394, 1394
1115, 139400, 1394, 1394
1116, 139400, 1394, 1394
1117, 139400, 1394, 1394
1118, 139400, 1394, 1394
1119, 139400, 1394, 1394
1120, 139400, 1394, 1394
1121, 139400, 1394, 1394
1122, 139400, 1394, 1394
1123, 139400, 1394, 1394
1124, 139400, 1394, 1394
1125, 139400, 1394, 1394
1126, 139400, 1394, 1394
1127, 139400, 1394, 1394
1128, 139300, 1393, 1393
1129, 139300, 1393, 1393
1130, 139300, 1393, 1393
1131, 139400, 1394, 1394
1132, 139400, 1394, 1394
1133, 139400, 1394, 1394
1134, 139400, 1394, 1394
1135, 139400, 1394, 1394
1136, 139400, 1394, 1394
1137, 139400, 1394, 1394
1138, 139400, 1394, 1394
1139, 139400, 1394, 1394
1140, 139400, 1394, 1394
1141, 139400, 1394, 1394
1142, 139400, 1394, 1394
1143, 139400, 1394, 1394
1144, 139400, 1394, 1394
1145, 139400, 1394, 1394
1146, 139400, 1394, 1394
1147, 139400, 1394, 1394
1148, 139400, 1394, 1394
1149, 139400, 1394, 1394
1150, 139400, 1394, 1394
1151, 139400, 1394, 1394
1152, 139400, 1394, 1394
1153, 139400, 1394, 1394
1154, 139400, 1394, 1394
1155, 139400, 1394, 1394
1156, 139400, 1394, 1394
1157, 139400, 1394, 1394
1158, 139400, 1394, 1394
1159, 139400, 1394, 1394
1160, 139400, 1394, 1394
1161, 139400, 1394, 1394
1162, 139400, 1394, 1394
1163, 139400, 1394, 1394
1164, 139400, 1394, 1394
1165, 139400, 1394, 1394
1166, 139400, 1394, 1394
1167, 139400, 1394, 1394
1168, 139400, 1394, 1394
1169, 139400, 1394, 1394
1170, 139400, 1394, 1394
1171, 139400, 1394, 1394
1172, 139400, 1394, 1394
1173, 139400, 1394, 1394
1174, 139400, 1394, 1394
1175, 139400, 1394, 1394
1176, 139400, 1394, 1394
1177, 139400, 1394, 1394
1178, 139400, 1394, 1394
1179, 139400, 1394, 1394
1180, 139400, 1394, 1394
1181, 139400, 1394, 1394
1182, 139400, 1394, 1394
1183, 139400, 1394, 1394
1184, 139400, 1394, 1394
1185, 139400, 1394, 1394
1186, 139400, 1394, 1394
1187, 139400, 1394, 1394
1188, 139400, 1394, 1394
1189, 139400, 1394, 1394
1190, 139400, 1394, 1394
1191, 139400, 1394, 1394
1192, 139400, 1394, 1394
1193, 139400, 1394, 1394
1194, 139400, 1394, 1394
1195, 139400, 1394, 1394
1196, 139400, 1394, 1394
1197, 139300, 1393, 1393
1198, 139300, 1393, 1393
1199, 139300, 1393, 1393
1200, 139300, 1393, 1393
1201, 139300, 1393, 1393
1202, 139300, 1393, 1393
1203, 139300, 1393, 1393
1204, 139300, 1393, 1393
1205, 139300, 1393, 1393
1206, 139300, 1393, 1393
1207, 139300, 1393, 1393
1208, 139300, 1393, 1393
1209, 139300, 1393, 1393
1210, 139300, 1393, 1393
1211, 139300, 1393, 1393
1212, 139300, 1393, 1393
1213, 139300, 1393, 1393
1214, 139300, 1393, 1393
1215, 139300, 1393, 1393
1216, 139300, 1393, 1393
1217, 139300, 1393, 1393
1218, 139300, 1393, 1393
1219, 139300, 1393, 1393
1220, 139300, 1393, 1393
1221, 139300, 1393, 1393
1222, 139300, 1393, 1393
1223, 139300, 1393, 1393
1224, 139300, 1393, 1393
1225, 139300, 1393, 1393
1226, 139300, 1393, 1393
1227, 139300, 1393, 1393
1228, 139300, 1393, 1393
1229, 139300, 1393, 1393
1230, 139300, 1393, 1393
1231, 139300, 1393, 1393
1232, 139300, 1393, 1393
1233, 139300, 1393, 1393
1234, 139300, 1393, 1393
1235, 139300, 1393, 1393
1236, 139300, 1393, 1393
1237, 139300, 1393, 1393
1238, 139300, 1393, 1393
1239, 139300, 1393, 1393
1240, 139300, 1393, 1393
1241, 139300, 1393, 1393
1242, 139300, 1393, 1393
1243, 139300, 1393, 1393
1244, 139300, 1393, 1393
1245, 139300, 1393, 1393
1246, 139300, 1393, 1393
1247, 139300, 1393, 1393
1248, 139300, 1393, 1393
1249, 139300, 1393, 1393
1250, 139300, 1393, 1393
1251, 139300, 1393, 1393
1252, 139300, 1393, 1393
1253, 139300, 1393, 1393
1254, 139300, 1393, 1393
1255, 139300, 1393, 1393
1256, 139300, 1393, 1393
1257, 139300, 1393, 1393
1258, 139300, 1393, 1393
1259, 139300, 1393, 1393
1260, 139300, 1393, 1393
1261, 139300, 1393, 1393
1262, 139300, 1393, 1393
1263, 139300, 1393, 1393
1264, 139300, 1393, 1393
1265, 139300, 1393, 1393
1266, 139300, 1393, 1393
1267, 139300, 1393, 1393
1268, 139300, 1393, 1393
1269, 139300, 1393, 1393
1270, 139300, 1393, 1393
1271, 139300, 1393, 1393
1272, 139300, 1393, 1393
1273, 139200, 1392, 1392
1274, 139200, 1392, 1392
1275, 139200, 1392, 1392
1276, 139200, 1392, 1392
1277, 139200, 1392, 1392
1278, 139200, 1392, 1392
1279, 139200, 1392, 1392
1280, 139200, 1392, 1392
1281, 139200, 1392, 1392
1282, 139300, 1393, 1393
1283, 139300, 1393, 1393
1284, 139300, 1393, 1393
1285, 139300, 1393, 1393
1286, 139300, 1393, 1393
1287, 139300, 1393, 1393
1288, 139300, 1393, 1393
1289, 139300, 1393, 1393
1290, 139300, 1393, 1393
1291, 139300, 1393, 1393
1292, 139300, 1393, 1393
1293, 139300, 1393, 1393
1294, 139300, 1393, 1393
1295, 139300, 1393, 1393
1296, 139300, 1393, 1393
1297, 139300, 1393, 1393
1298, 139200, 1392, 1392
1299, 139300, 1393, 1393
1300, 139300, 1393, 1393
1301, 139300, 1393, 1393
1302, 139300, 1393, 1393
1303, 139300, 1393, 1393
1304, 139300, 1393, 1393
1305, 139300, 1393, 1393
1306, 139300, 1393, 1393
1307, 139300, 1393, 1393
1308, 139300, 1393, 1393
1309, 139300, 1393, 1393
1310, 139300, 1393, 1393
1311, 139300, 1393, 1393
1312, 139300, 1393, 1393
1313, 139300, 1393, 1393
1314, 139300, 1393, 1393
1315, 139300, 1393, 1393
1316, 139300, 1393, 1393
1317, 139300, 1393, 1393
1318, 139300, 1393, 1393
1319, 139300, 1393, 1393
1320, 139300, 1393, 1393
1321, 139300, 1393, 1393
1322, 139300, 1393, 1393
1323, 139300, 1393, 1393
1324, 139300, 1393, 1393
1325, 139300, 1393, 1393
1326, 139300, 1393, 1393
1327, 139300, 1393, 1393
1328, 139300, 1393, 1393
1329, 139300, 1393, 1393
1330, 139300, 1393, 1393
1331, 139300, 1393, 1393
1332, 139300, 1393, 1393
1333, 139300, 1393, 1393
1334, 139300, 1393, 1393
1335, 139300, 1393, 1393
1336, 139300, 1393, 1393
1337, 139300, 1393, 1393
1338, 139300, 1393, 1393
1339, 139300, 1393, 1393
1340, 139300, 1393, 1393
1341, 139300, 1393, 1393
1342, 139300, 1393, 1393
1343, 139300, 1393, 1393
1344, 139300, 1393, 1393
1345, 139300, 1393, 1393
1346, 139300, 1393, 1393
1347, 139300, 1393, 1393
1348, 139300, 1393, 1393
1349, 139300, 1393, 1393
1350, 139300, 1393, 1393
1351, 139300, 1393, 1393
1352, 139300, 1393, 1393
1353, 139300, 1393, 1393
1354, 139300, 1393, 1393
1355, 139300, 1393, 1393
1356, 139300, 1393, 1393
1357, 139300, 1393, 1393
1358, 139300, 1393, 1393
1359, 139300, 1393, 1393
1360, 139400, 1394, 1394
1361, 139400, 1394, 1394
1362, 139400, 1394, 1394
1363, 139400, 1394, 1394
1364, 139400, 1394, 1394
1365, 139400, 1394, 1394
1366, 139400, 1394, 1394
1367, 139400, 1394, 1394
1368, 139400, 1394, 1394
1369, 139400, 1394, 1394
1370, 139400, 1394, 1394
1371, 139400, 1394, 1394
1372, 139400, 1394, 1394
1373, 139400, 1394, 1394
1374, 139400, 1394, 1394
1375, 139400, 1394, 1394
1376, 139400, 1394, 1394
1377, 139400, 1394, 1394
1378, 139400, 1394, 1394
1379, 139400, 1394, 1394
1380, 139400, 1394, 1394
1381, 139400, 1394, 1394
1382, 139400, 1394, 1394
1383, 139400, 1394, 1394
1384, 139400, 1394, 1394
1385, 139400, 1394, 1394
1386, 139400, 1394, 1394
1387, 139400, 1394, 1394
1388, 139400, 1394, 1394
1389, 139400, 1394, 1394
1390, 139400, 1394, 1394
1391, 139400, 1394, 1394
1392, 139400, 1394, 1394
1393, 139400, 1394, 1394
1394, 139400, 1394, 1394
1395, 139400, 1394, 1394
1396, 139400, 1394, 1394
1397, 139400, 1394, 1394
1398, 139400, 1394, 1394
1399, 139400, 1394, 1394
1400, 139400, 1394, 1394
1401, 139400, 1394, 1394
1402, 139400, 1394, 1394
1403, 139400, 1394, 1394
1404, 139400, 1394, 1394
1405, 139400, 1394, 1394
1406, 139400, 1394, 1394
1407, 139400, 1394, 1394
1408, 139400, 1394, 1394
1409, 139400, 1394, 1394
1410, 139400, 1394, 1394
1411, 139400, 1394, 1394
1412, 139400, 1394, 1394
1413, 139400, 1394, 1394
1414, 139400, 1394, 1394
1415, 139400, 1394, 1394
1416, 139400, 1394, 1394
1417, 139400, 1394, 1394
1418, 139400, 1394, 1394
1419, 139400, 1394, 1394
1420, 139400, 1394, 1394
1421, 139400, 1394, 1394
1422, 139400, 1394, 1394
1423, 139400, 1394, 1394
1424, 139400, 1394, 1394
1425, 139400, 1394, 1394
1426, 139400, 1394, 1394
1427, 139400, 1394, 1394
1428, 139400, 1394, 1394
1429, 139400, 1394, 1394
1430, 139400, 1394, 1394
1431, 139400, 1394, 1394
1432, 139400, 1394, 1394
1433, 139400, 1394, 1394
1434, 139400, 1394, 1394
1435, 139400, 1394, 1394
1436, 139400, 1394, 1394
1437, 139400, 1394, 1394
1438, 139400, 1394, 1394
1439, 139400, 1394, 1394
1440, 139400, 1394, 1394
1441, 139400, 1394, 1394
1442, 139400, 1394, 1394
1443, 139400, 1394, 1394
1444, 139400, 1394, 1394
1445, 139400, 1394, 1394
1446, 139300, 1393, 1393
1447, 139400, 1394, 1394
1448, 139400, 1394, 1394
1449, 139400, 1394, 1394
1450, 139400, 1394, 1394
1451, 139400, 1394, 1394
1452, 139400, 1394, 1394
1453, 139400, 1394, 1394
1454, 139300, 1393, 1393
1455, 139300, 1393, 1393
1456, 139300, 1393, 1393
1457, 139300, 1393, 1393
1458, 139300, 1393, 1393
1459, 139300, 1393, 1393
1460, 139300, 1393, 1393
1461, 139300, 1393, 1393
1462, 139300, 1393, 1393
1463, 139300, 1393, 1393
1464, 139300, 1393, 1393
1465, 139300, 1393, 1393
1466, 139300, 1393, 1393
1467, 139300, 1393, 1393
1468, 139300, 1393, 1393
1469, 139300, 1393, 1393
1470, 139300, 1393, 1393
1471, 139300, 1393, 1393
1472, 139300, 1393, 1393
1473, 139200, 1392, 1392
1474, 139300, 1393, 1393
1475, 139300, 1393, 1393
1476, 139300, 1393, 1393
1477, 139300, 1393, 1393
1478, 139300, 1393, 1393
1479, 139300, 1393, 1393
1480, 139300, 1393, 1393
1481, 139300, 1393, 1393
1482, 139300, 1393, 1393
1483, 139300, 1393, 1393
1484, 139300, 1393, 1393
1485, 139300, 1393, 1393
1486, 139300, 1393, 1393
1487, 139300, 1393, 1393
1488, 139300, 1393, 1393
1489, 139300, 1393, 1393
1490, 139300, 1393, 1393
1491, 139300, 1393, 1393
1492, 139300, 1393, 1393
1493, 139300, 1393, 1393
1494, 139300, 1393, 1393
1495, 139300, 1393, 1393
1496, 139300, 1393, 1393
1497, 139300, 1393, 1393
1498, 139300, 1393, 1393
1499, 139300, 1393, 1393
1500, 139300, 1393, 1393
1501, 139300, 1393, 1393
1502, 139300, 1393, 1393
1503, 139300, 1393, 1393
1504, 139300, 1393, 1393
1505, 139300, 1393, 1393
1506, 139300, 1393, 1393
1507, 139300, 1393, 1393
1508, 139300, 1393, 1393
1509, 139300, 1393, 1393
1510, 139300, 1393, 1393
1511, 139300, 1393, 1393
1512, 139300, 1393, 1393
1513, 139300, 1393, 1393
1514, 139300, 1393, 1393
1515, 139300, 1393, 1393
1516, 139300, 1393, 1393
1517, 139300, 1393, 1393
1518, 139300, 1393, 1393
1519, 139300, 1393, 1393
1520, 139300, 1393, 1393
1521, 139300, 1393, 1393
1522, 139300, 1393, 1393
1523, 139300, 1393, 1393
1524, 139300, 1393, 1393
1525, 139300, 1393, 1393
1526, 139300, 1393, 1393
1527, 139300, 1393, 1393
1528, 139300, 1393, 1393
1529, 139300, 1393, 1393
1530, 139300, 1393, 1393
1531, 139300, 1393, 1393
1532, 139300, 1393, 1393
1533, 139300, 1393, 1393
1534, 139300, 1393, 1393
1535, 139300, 1393, 1393
1536, 139300, 1393, 1393
1537, 139300, 1393, 1393
1538, 139300, 1393, 1393
1539, 139300, 1393, 1393
1540, 139300, 1393, 1393
1541, 139300, 1393, 1393
1542, 139300, 1393, 1393
1543, 139300, 1393, 1393
1544, 139300, 1393, 1393
1545, 139300, 1393, 1393
1546, 139300, 1393, 1393
1547, 139300, 1393, 1393
1548, 139300, 1393, 1393
1549, 139300, 1393, 1393
1550, 139200, 1392, 1392
1551, 139200, 1392, 1392
1552, 139200, 1392, 1392
1553, 139200, 1392, 1392
1554, 139200, 1392, 1392
1555, 139200, 1392, 1392
1556, 139200, 1392, 1392
1557, 139200, 1392, 1392
1558, 139200, 1392, 1392
1559, 139200, 1392, 1392
1560, 139200, 1392, 1392
1561, 139200, 1392, 1392
1562, 139200, 1392, 1392
1563, 139200, 1392, 1392
1564, 139200, 1392, 1392
1565, 139200, 1392, 1392
1566, 139200, 1392, 1392
1567, 139200, 1392, 1392
1568, 139200, 1392, 1392
1569, 139200, 1392, 1392
1570, 139200, 1392, 1392
1571, 139200, 1392, 1392
1572, 139200, 1392, 1392
1573, 139200, 1392, 1392
1574, 139200, 1392, 1392
1575, 139200, 1392, 1392
1576, 139200, 1392, 1392
1577, 139200, 1392, 1392
1578, 139200, 1392, 1392
1579, 139200, 1392, 1392
1580, 139200, 1392, 1392
1581, 139200, 1392, 1392
1582, 139200, 1392, 1392
1583, 139200, 1392, 1392
1584, 139200, 1392, 1392
1585, 139200, 1392, 1392
1586, 139200, 1392, 1392
1587, 139200, 1392, 1392
1588, 139200, 1392, 1392
1589, 139200, 1392, 1392
1590, 139200, 1392, 1392
1591, 139200, 1392, 1392
1592, 139200, 1392, 1392
1593, 139200, 1392, 1392
1594, 139200, 1392, 1392
1595, 139200, 1392, 1392
1596, 139200, 1392, 1392
1597, 139200, 1392, 1392
1598, 139200, 1392, 1392
1599, 139200, 1392, 1392
1600, 139200, 1392, 1392
1601, 139200, 1392, 1392
1602, 139200, 1392, 1392
1603, 139200, 1392, 1392
1604, 139200, 1392, 1392
1605, 139200, 1392, 1392
1606, 139200, 1392, 1392
1607, 139200, 1392, 1392
1608, 139200, 1392, 1392
1609, 139200, 1392, 1392
1610, 139200, 1392, 1392
1611, 139200, 1392, 1392
1612, 139200, 1392, 1392
1613, 139200, 1392, 1392
1614, 139200, 1392, 1392
1615, 139200, 1392, 1392
1616, 139200, 1392, 1392
1617, 139200, 1392, 1392
1618, 139200, 1392, 1392
1619, 139300, 1393, 1393
1620, 139300, 1393, 1393
1621, 139300, 1393, 1393
1622, 139300, 1393, 1393
1623, 139300, 1393, 1393
1624, 139300, 1393, 1393
1625, 139300, 1393, 1393
1626, 139300, 1393, 1393
1627, 139300, 1393, 1393
1628, 139300, 1393, 1393
1629, 139300, 1393, 1393
1630, 139400, 1394, 1394
1631, 139400, 1394, 1394
1632, 139400, 1394, 1394
1633, 139400, 1394, 1394
1634, 139400, 1394, 1394
1635, 139400, 1394, 1394
1636, 139400, 1394, 1394
1637, 139400, 1394, 1394
1638, 139400, 1394, 1394
1639, 139400, 1394, 1394
1640, 139300, 1393, 1393
1641, 139300, 1393, 1393
1642, 139300, 1393, 1393
1643, 139300, 1393, 1393
1644, 139300, 1393, 1393
1645, 139300, 1393, 1393
1646, 139300, 1393, 1393
1647, 139300, 1393, 1393
1648, 139300, 1393, 1393
1649, 139300, 1393, 1393
1650, 139300, 1393, 1393
1651, 139300, 1393, 1393
1652, 139300, 1393, 1393
1653, 139300, 1393, 1393
1654, 139300, 1393, 1393
1655, 139300, 1393, 1393
1656, 139300, 1393, 1393
1657, 139300, 1393, 1393
1658, 139300, 1393, 1393
1659, 139300, 1393, 1393
1660, 139300, 1393, 1393
1661, 139300, 1393, 1393
1662, 139300, 1393, 1393
1663, 139300, 1393, 1393
1664, 139300, 1393, 1393
1665, 139300, 1393, 1393
1666, 139300, 1393, 1393
1667, 139300, 1393, 1393
1668, 139300, 1393, 1393
1669, 139300, 1393, 1393
1670, 139300, 1393, 1393
1671, 139300, 1393, 1393
1672, 139300, 1393, 1393
1673, 139300, 1393, 1393
1674, 139300, 1393, 1393
1675, 139300, 1393, 1393
1676, 139300, 1393, 1393
1677, 139300, 1393, 1393
1678, 139300, 1393, 1393
1679, 139300, 1393, 1393
1680, 139300, 1393, 1393
1681, 139300, 1393, 1393
1682, 139300, 1393, 1393
1683, 139300, 1393, 1393
1684, 139300, 1393, 1393
1685, 139300, 1393, 1393
1686, 139300, 1393, 1393
1687, 139300, 1393, 1393
1688, 139300, 1393, 1393
1689, 139300, 1393, 1393
1690, 139300, 1393, 1393
1691, 139300, 1393, 1393
1692, 139300, 1393, 1393
1693, 139300, 1393, 1393
1694, 139300, 1393, 1393
1695, 139300, 1393, 1393
1696, 139300, 1393, 1393
1697, 139300, 1393, 1393
1698, 139300, 1393, 1393
1699, 139300, 1393, 1393
1700, 139300, 1393, 1393
1701, 139300, 1393, 1393
1702, 139300, 1393, 1393
1703, 139300, 1393, 1393
1704, 139300, 1393, 1393
1705, 139300, 1393, 1393
1706, 139300, 1393, 1393
1707, 139300, 1393, 1393
1708, 139300, 1393, 1393
1709, 139300, 1393, 1393
1710, 139300, 1393, 1393
1711, 139300, 1393, 1393
1712, 139300, 1393, 1393
1713, 139300, 1393, 1393
1714, 139300, 1393, 1393
1715, 139300, 1393, 1393
1716, 139300, 1393, 1393
1717, 139300, 1393, 1393
1718, 139300, 1393, 1393
1719, 139300, 1393, 1393
1720, 139300, 1393, 1393
1721, 139300, 1393, 1393
1722, 139300, 1393, 1393
1723, 139300, 1393, 1393
1724, 139300, 1393, 1393
1725, 139300, 1393, 1393
1726, 139400, 1394, 1394
1727, 139400, 1394, 1394
1728, 139400, 1394, 1394
1729, 139400, 1394, 1394
1730, 139400, 1394, 1394
1731, 139400, 1394, 1394
1732, 139400, 1394, 1394
1733, 139400, 1394, 1394
1734, 139400, 1394, 1394
1735, 139400, 1394, 1394
1736, 139300, 1393, 1393
1737, 139400, 1394, 1394
1738, 139300, 1393, 1393
1739, 139300, 1393, 1393
1740, 139300, 1393, 1393
1741, 139300, 1393, 1393
1742, 139300, 1393, 1393
1743, 139300, 1393, 1393
1744, 139300, 1393, 1393
1745, 139300, 1393, 1393
1746, 139200, 1392, 1392
1747, 139300, 1393, 1393
1748, 139300, 1393, 1393
1749, 139300, 1393, 1393
1750, 139300, 1393, 1393
1751, 139300, 1393, 1393
1752, 139300, 1393, 1393
1753, 139300, 1393, 1393
1754, 139300, 1393, 1393
1755, 139300, 1393, 1393
1756, 139300, 1393, 1393
1757, 139300, 1393, 1393
1758, 139300, 1393, 1393
1759, 139300, 1393, 1393
1760, 139300, 1393, 1393
1761, 139300, 1393, 1393
1762, 139300, 1393, 1393
1763, 139300, 1393, 1393
1764, 139200, 1392, 1392
1765, 139200, 1392, 1392
1766, 139200, 1392, 1392
1767, 139200, 1392, 1392
1768, 139200, 1392, 1392
1769, 139200, 1392, 1392
1770, 139200, 1392, 1392
1771, 139200, 1392, 1392
1772, 139200, 1392, 1392
1773, 139200, 1392, 1392
1774, 139200, 1392, 1392
1775, 139200, 1392, 1392
1776, 139200, 1392, 1392
1777, 139200, 1392, 1392
1778, 139200, 1392, 1392
1779, 139200, 1392, 1392
1780, 139200, 1392, 1392
1781, 139200, 1392, 1392
1782, 139200, 1392, 1392
1783, 139200, 1392, 1392
1784, 139200, 1392, 1392
1785, 139200, 1392, 1392
1786, 139200, 1392, 1392
1787, 139200, 1392, 1392
1788, 139100, 1391, 1391
1789, 139200, 1392, 1392
1790, 139200, 1392, 1392
1791, 139200, 1392, 1392
1792, 139200, 1392, 1392
1793, 139200, 1392, 1392
1794, 139200, 1392, 1392
1795, 139200, 1392, 1392
1796, 139200, 1392, 1392
1797, 139200, 1392, 1392
1798, 139200, 1392, 1392
1799, 139200, 1392, 1392
1800, 139200, 1392, 1392
1801, 139200, 1392, 1392
1802, 139200, 1392, 1392
1803, 139200, 1392, 1392
1804, 139200, 1392, 1392
1805, 139200, 1392, 1392
1806, 139200, 1392, 1392
1807, 139200, 1392, 1392
1808, 139200, 1392, 1392
1809, 139200, 1392, 1392
1810, 139200, 1392, 1392
1811, 139200, 1392, 1392
1812, 139200, 1392, 1392
1813, 139200, 1392, 1392
1814, 139200, 1392, 1392
1815, 139200, 1392, 1392
1816, 139200, 1392, 1392
1817, 139200, 1392, 1392
1818, 139200, 1392, 1392
1819, 139200, 1392, 1392
1820, 139200, 1392, 1392
1821, 139200, 1392, 1392
1822, 139200, 1392, 1392
1823, 139200, 1392, 1392
1824, 139200, 1392, 1392
1825, 139200, 1392, 1392
1826, 139200, 1392, 1392
1827, 139200, 1392, 1392
1828, 139200, 1392, 1392
1829, 139200, 1392, 1392
1830, 139200, 1392, 1392
1831, 139200, 1392, 1392
1832, 139200, 1392, 1392
1833, 139200, 1392, 1392
1834, 139200, 1392, 1392
1835, 139200, 1392, 1392
1836, 139200, 1392, 1392
1837, 139200, 1392, 1392
1838, 139200, 1392, 1392
1839, 139200, 1392, 1392
1840, 139200, 1392, 1392
1841, 139200, 1392, 1392
1842, 139200, 1392, 1392
1843, 139200, 1392, 1392
1844, 139200, 1392, 1392
1845, 139200, 1392, 1392
1846, 139200, 1392, 1392
1847, 139200, 1392, 1392
1848, 139200, 1392, 1392
1849, 139200, 1392, 1392
1850, 139200, 1392, 1392
1851, 139200, 1392, 1392
1852, 139200, 1392, 1392
1853, 139200, 1392, 1392
1854, 139200, 1392, 1392
1855, 139200, 1392, 1392
1856, 139200, 1392, 1392
1857, 139200, 1392, 1392
1858, 139200, 1392, 1392
1859, 139200, 1392, 1392
1860, 139200, 1392, 1392
1861, 139200, 1392, 1392
1862, 139200, 1392, 1392
1863, 139200, 1392, 1392
1864, 139200, 1392, 1392
1865, 139200, 1392, 1392
1866, 139200, 1392, 1392
1867, 139200, 1392, 1392
1868, 139200, 1392, 1392
1869, 139200, 1392, 1392
1870, 139200, 1392, 1392
1871, 139200, 1392, 1392
1872, 139200, 1392, 1392
1873, 139200, 1392, 1392
1874, 139200, 1392, 1392
1875, 139200, 1392, 1392
1876, 139200, 1392, 1392
1877, 139200, 1392, 1392
1878, 139200, 1392, 1392
1879, 139200, 1392, 1392
1880, 139200, 1392, 1392
1881, 139200, 1392, 1392
1882, 139200, 1392, 1392
1883, 139200, 1392, 1392
1884, 139200, 1392, 1392
1885, 139200, 1392, 1392
1886, 139200, 1392, 1392
1887, 139200, 1392, 1392
1888, 139200, 1392, 1392
1889, 139200, 1392, 1392
1890, 139200, 1392, 1392
1891, 139200, 1392, 1392
1892, 139200, 1392, 1392
1893, 139200, 1392, 1392
1894, 139300, 1393, 1393
1895, 139300, 1393, 1393
1896, 139300, 1393, 1393
1897, 139300, 1393, 1393
1898, 139300, 1393, 1393
1899, 139300, 1393, 1393
1900, 139300, 1393, 1393
1901, 139300, 1393, 1393
1902, 139300, 1393, 1393
1903, 139300, 1393, 1393
1904, 139300, 1393, 1393
1905, 139200, 1392, 1392
1906, 139200, 1392, 1392
1907, 139200, 1392, 1392
1908, 139200, 1392, 1392
1909, 139200, 1392, 1392
1910, 139200, 1392, 1392
1911, 139200, 1392, 1392
1912, 139200, 1392, 1392
1913, 139200, 1392, 1392
1914, 139200, 1392, 1392
1915, 139200, 1392, 1392
1916, 139200, 1392, 1392
1917, 139200, 1392, 1392
1918, 139200, 1392, 1392
1919, 139200, 1392, 1392
1920, 139200, 1392, 1392
1921, 139200, 1392, 1392
1922, 139200, 1392, 1392
1923, 139200, 1392, 1392
1924, 139200, 1392, 1392
1925, 139200, 1392, 1392
1926, 139200, 1392, 1392
1927, 139200, 1392, 1392
1928, 139200, 1392, 1392
1929, 139200, 1392, 1392
1930, 139200, 1392, 1392
1931, 139200, 1392, 1392
1932, 139200, 1392, 1392
1933, 139200, 1392, 1392
1934, 139200, 1392, 1392
1935, 139200, 1392, 1392
1936, 139200, 1392, 1392
1937, 139200, 1392, 1392
1938, 139200, 1392, 1392
1939, 139200, 1392, 1392
1940, 139200, 1392, 1392
1941, 139200, 1392, 1392
1942, 139200, 1392, 1392
1943, 139200, 1392, 1392
1944, 139200, 1392, 1392
1945, 139200, 1392, 1392
1946, 139200, 1392, 1392
1947, 139200, 1392, 1392
1948, 139200, 1392, 1392
1949, 139200, 1392, 1392
1950, 139200, 1392, 1392
1951, 139200, 1392, 1392
1952, 139200, 1392, 1392
1953, 139200, 1392, 1392
1954, 139200, 1392, 1392
1955, 139200, 1392, 1392
1956, 139300, 1393, 1393
1957, 139300, 1393, 1393
1958, 139300, 1393, 1393
1959, 139200, 1392, 1392
1960, 139200, 1392, 1392
1961, 139200, 1392, 1392
1962, 139200, 1392, 1392
1963, 139200, 1392, 1392
1964, 139200, 1392, 1392
1965, 139200, 1392, 1392
1966, 139200, 1392, 1392
1967, 139300, 1393, 1393
1968, 139300, 1393, 1393
1969, 139200, 1392, 1392
1970, 139200, 1392, 1392
1971, 139200, 1392, 1392
1972, 139200, 1392, 1392
1973, 139200, 1392, 1392
1974, 139200, 1392, 1392
1975, 139200, 1392, 1392
1976, 139200, 1392, 1392
1977, 139200, 1392, 1392
1978, 139200, 1392, 1392
1979, 139100, 1391, 1391
1980, 139100, 1391, 1391
1981, 139100, 1391, 1391
1982, 139100, 1391, 1391
1983, 139100, 1391, 1391
1984, 139100, 1391, 1391
1985, 139100, 1391, 1391
1986, 139100, 1391, 1391
1987, 139100, 1391, 1391
1988, 139100, 1391, 1391
1989, 139100, 1391, 1391
1990, 139200, 1392, 1392
1991, 139100, 1391, 1391
1992, 139200, 1392, 1392
1993, 139200, 1392, 1392
1994, 139200, 1392, 1392
1995, 139200, 1392, 1392
1996, 139200, 1392, 1392
1997, 139200, 1392, 1392
1998, 139200, 1392, 1392
1999, 139200, 1392, 1392
2000, 139200, 1392, 1392
2001, 139200, 1392, 1392
2002, 139200, 1392, 1392
2003, 139200, 1392, 1392
2004, 139100, 1391, 1391
2005, 139100, 1391, 1391
2006, 139100, 1391, 1391
2007, 139100, 1391, 1391
2008, 139100, 1391, 1391
2009, 139100, 1391, 1391
2010, 139100, 1391, 1391
2011, 139100, 1391, 1391
2012, 139100, 1391, 1391
2013, 139100, 1391, 1391
2014, 139100, 1391, 1391
2015, 139100, 1391, 1391
2016, 139100, 1391, 1391
2017, 139100, 1391, 1391
2018, 139100, 1391, 1391
2019, 139100, 1391, 1391
2020, 139100, 1391, 1391
2021, 139100, 1391, 1391
2022, 139100, 1391, 1391
2023, 139100, 1391, 1391
2024, 139100, 1391, 1391
2025, 139100, 1391, 1391
2026, 139100, 1391, 1391
2027, 139100, 1391, 1391
2028, 139100, 1391, 1391
2029, 139100, 1391, 1391
2030, 139100, 1391, 1391
2031, 139100, 1391, 1391
2032, 139100, 1391, 1391
2033, 139100, 1391, 1391
2034, 139100, 1391, 1391
2035, 139100, 1391, 1391
2036, 139100, 1391, 1391
2037, 139100, 1391, 1391
2038, 139100, 1391, 1391
2039, 139100, 1391, 1391
2040, 139100, 1391, 1391
2041, 139100, 1391, 1391
2042, 139100, 1391, 1391
2043, 139100, 1391, 1391
2044, 139100, 1391, 1391
2045, 139100, 1391, 1391
2046, 139100, 1391, 1391
2047, 139100, 1391, 1391
2048, 139100, 1391, 1391
2049, 139100, 1391, 1391
2050, 139100, 1391, 1391
2051, 139100, 1391, 1391
2052, 139100, 1391, 1391
2053, 139100, 1391, 1391
2054, 139100, 1391, 1391
2055, 139100, 1391, 1391
2056, 139100, 1391, 1391
2057, 139100, 1391, 1391
2058, 139100, 1391, 1391
2059, 139100, 1391, 1391
2060, 139100, 1391, 1391
2061, 139100, 1391, 1391
2062, 139100, 1391, 1391
2063, 139100, 1391, 1391
2064, 139100, 1391, 1391
2065, 139100, 1391, 1391
2066, 139100, 1391, 1391
2067, 139100, 1391, 1391
2068, 139100, 1391, 1391
2069, 139100, 1391, 1391
2070, 139100, 1391, 1391
2071, 139100, 1391, 1391
2072, 139100, 1391, 1391
2073, 139100, 1391, 1391
2074, 139100, 1391, 1391
2075, 139100, 1391, 1391
2076, 139100, 1391, 1391
2077, 139100, 1391, 1391
2078, 139100, 1391, 1391
2079, 139100, 1391, 1391
2080, 139100, 1391, 1391
2081, 139100, 1391, 1391
2082, 139100, 1391, 1391
2083, 139200, 1392, 1392
2084, 139200, 1392, 1392
2085, 139200, 1392, 1392
2086, 139200, 1392, 1392
2087, 139200, 1392, 1392
2088, 139200, 1392, 1392
